Product Id,Product Handle,Product Title,Product Status,Product Thumbnail,Product Sales Channel 1,Variant Id
prod_01K8VSEFZ6BHEJ7T2XFZRZ322M,hat-1,Hat_12a,published,https://picsum.photos/seed/TMqWj/3117/2094,sc_01K834MGRVR9MHA96M401KZXZV,variant_01K8VSEG2H5FAFVHJGVR25QZVJ
prod_01K8VSEFZ6BHEJ7T2XFZRZ322M,hat-1,Hat_12a,published,https://picsum.photos/seed/TMqWj/3117/2094,sc_01K834MGRVR9MHA96M401KZXZV,variant_01K8VSEG2HR3HZ1BW0ARW4H2RW
prod_01K8VSEFZ6BHEJ7T2XFZRZ322M,hat-1,Hat_12a,published,https://picsum.photos/seed/TMqWj/3117/2094,sc_01K834MGRVR9MHA96M401KZXZV,variant_01K8VSEG2HS5V137DQV2GGEACQ
prod_01K8VSEFZ6BPE87M79C894V8BM,soap-4a,Soap_4a,published,https://picsum.photos/seed/H8UqbaKQDf/2228/3884,sc_01K834MGRVR9MHA96M401KZXZV,variant_01K8VSEG2JKTAA40QCS1VNKMH8
prod_01K8VSEFZ6BPE87M79C894V8BM,soap-4a,Soap_4a,published,https://picsum.photos/seed/H8UqbaKQDf/2228/3884,sc_01K834MGRVR9MHA96M401KZXZV,variant_01K8VSEG2JMEXZTXE9F68Y1G7Q
prod_01K8VSEFZ6BPE87M79C894V8BM,soap-4a,Soap_4a,published,https://picsum.photos/seed/H8UqbaKQDf/2228/3884,sc_01K834MGRVR9MHA96M401KZXZV,variant_01K8VSEG2JMAE7AVTYJ54MK73J
prod_01K8VSEFZ6GWRFPVVVBYACV3Y7,sausages-2,Sausages_2,published,https://picsum.photos/seed/9ml2UR/442/1058,sc_01K834MGRVR9MHA96M401KZXZV,variant_01K8VSEG2HRH8RJATMBY5QW3JG
prod_01K8VSEFZ6GWRFPVVVBYACV3Y7,sausages-2,Sausages_2,published,https://picsum.photos/seed/9ml2UR/442/1058,sc_01K834MGRVR9MHA96M401KZXZV,variant_01K8VSEG2HJCA9T75Y5GX11TEC
prod_01K8VSEFZ6GWRFPVVVBYACV3Y7,sausages-2,Sausages_2,published,https://picsum.photos/seed/9ml2UR/442/1058,sc_01K834MGRVR9MHA96M401KZXZV,variant_01K8VSEG2H9HGKWAYVHG2QGYCW
prod_01K8VSEFZ6J2DGX4C470HXKTRY,computer-0,Computer_0,published,https://picsum.photos/seed/NszJHUt1c/2637/3550,sc_01K834MGRVR9MHA96M401KZXZV,variant_01K8VSEG2G2BMJT8TVCQAD4CP2
prod_01K8VSEFZ6J2DGX4C470HXKTRY,computer-0,Computer_0,published,https://picsum.photos/seed/NszJHUt1c/2637/3550,sc_01K834MGRVR9MHA96M401KZXZV,variant_01K8VSEG2GYCAZACERC3VWGYXH
prod_01K8VSEFZ6J2DGX4C470HXKTRY,computer-0,Computer_0,published,https://picsum.photos/seed/NszJHUt1c/2637/3550,sc_01K834MGRVR9MHA96M401KZXZV,variant_01K8VSEG2HWTCRG3XYPYHQC615
prod_01K925AYPJGVH1PVD5DS02PTJD,test,Test,published,,sc_01K834MGRVR9MHA96M401KZXZV,variant_01K925AYSC7R9WWS5N6P1N6KA4
prod_01K925CMB0FN8JWEXAAT0KYV3Y,no-variant-test,No variant test,published,,sc_01K834MGRVR9MHA96M401KZXZV,variant_01K925CMD0NVP83M3TWKM8QQPC
prod_01K98N29A9CY5G5QCZYGQW7Z32,fish-7,Fish_7,published,https://picsum.photos/seed/QPhQj/3973/3319,sc_01K834MGRVR9MHA96M401KZXZV,variant_01K98N29C7FTRDRKBSNRG581VS
prod_01K98N29A9CY5G5QCZYGQW7Z32,fish-7,Fish_7,published,https://picsum.photos/seed/QPhQj/3973/3319,sc_01K834MGRVR9MHA96M401KZXZV,variant_01K98N29C7QR0JNHK3HAKK0D2V
prod_01K98N29A9CY5G5QCZYGQW7Z32,fish-7,Fish_7,published,https://picsum.photos/seed/QPhQj/3973/3319,sc_01K834MGRVR9MHA96M401KZXZV,variant_01K98N29C7PFQQH0E8N9SG6W0Y
prod_01K98N93D4X7K32YBPF3CATCJS,bike-8,Bike_8,published,https://picsum.photos/seed/Ig1FDRL/514/3694,sc_01K834MGRVR9MHA96M401KZXZV,variant_01K98N93FF0TGZ4868QE8YES0N
prod_01K98N93D4X7K32YBPF3CATCJS,bike-8,Bike_8,published,https://picsum.photos/seed/Ig1FDRL/514/3694,sc_01K834MGRVR9MHA96M401KZXZV,variant_01K98N93FGD04JTAF9TQ1HTZJD
prod_01K98N93D4X7K32YBPF3CATCJS,bike-8,Bike_8,published,https://picsum.photos/seed/Ig1FDRL/514/3694,sc_01K834MGRVR9MHA96M401KZXZV,variant_01K98N93FGJZ6E3N43742FKA7S
prod_01K98NPCEDTWS4YQRAPK7ETWJS,table-9,Table_9,published,https://picsum.photos/seed/FWQCaJmP/3093/182,sc_01K834MGRVR9MHA96M401KZXZV,variant_01K98NPCGQWASM5MKEZ2QPTXS5
prod_01K98NPCEDTWS4YQRAPK7ETWJS,table-9,Table_9,published,https://picsum.photos/seed/FWQCaJmP/3093/182,sc_01K834MGRVR9MHA96M401KZXZV,variant_01K98NPCGQ6BR1ZT0Q10P9R71S
prod_01K98NPCEDTWS4YQRAPK7ETWJS,table-9,Table_9,published,https://picsum.photos/seed/FWQCaJmP/3093/182,sc_01K834MGRVR9MHA96M401KZXZV,variant_01K98NPCGQCYA8GWVA18R3P5E2
prod_01K98NYFG52Y7Z96RWYJMV1GRC,table-11,Table_11,published,https://picsum.photos/seed/Mdb8tY3/2136/367,sc_01K834MGRVR9MHA96M401KZXZV,variant_01K98NYFMDQM7HPWFSWPTGWJDW
prod_01K98NYFG52Y7Z96RWYJMV1GRC,table-11,Table_11,published,https://picsum.photos/seed/Mdb8tY3/2136/367,sc_01K834MGRVR9MHA96M401KZXZV,variant_01K98NYFME71TRHE799198DEQP
prod_01K98NYFG52Y7Z96RWYJMV1GRC,table-11,Table_11,published,https://picsum.photos/seed/Mdb8tY3/2136/367,sc_01K834MGRVR9MHA96M401KZXZV,variant_01K98NYFMEZ00CSZ6S7QEPQXSD
prod_01K98NYFG52Y7Z96RWYJMV1GRC,table-11,Table_11,published,https://picsum.photos/seed/Mdb8tY3/2136/367,sc_01K834MGRVR9MHA96M401KZXZV,variant_01K98NYFMEBQ663BH1SCZHCTDN
prod_01K98NYFG55MNZ4TQ6QGV383RC,gloves-13,Gloves_13,published,https://picsum.photos/seed/vcQ2XrvW3/3315/795,sc_01K834MGRVR9MHA96M401KZXZV,variant_01K98NYFMFM2880FWTXGJ2VCQF
prod_01K98NYFG55MNZ4TQ6QGV383RC,gloves-13,Gloves_13,published,https://picsum.photos/seed/vcQ2XrvW3/3315/795,sc_01K834MGRVR9MHA96M401KZXZV,variant_01K98NYFMF52C3ZZHY03PHQDYZ
prod_01K98NYFG55MNZ4TQ6QGV383RC,gloves-13,Gloves_13,published,https://picsum.photos/seed/vcQ2XrvW3/3315/795,sc_01K834MGRVR9MHA96M401KZXZV,variant_01K98NYFMFC8ZFV3K3DCNW8GWV
prod_01K98NYFG55MNZ4TQ6QGV383RC,gloves-13,Gloves_13,published,https://picsum.photos/seed/vcQ2XrvW3/3315/795,sc_01K834MGRVR9MHA96M401KZXZV,variant_01K98NYFMFH99KFHH63NNQVKKX
prod_01K98NYFG5QZFT3Y0RTMNNK94X,gloves-14,Gloves_14,published,https://picsum.photos/seed/qdZplh/561/3227,sc_01K834MGRVR9MHA96M401KZXZV,variant_01K98NYFMFFHK9TGT2PNEDC9KS
prod_01K98NYFG5QZFT3Y0RTMNNK94X,gloves-14,Gloves_14,published,https://picsum.photos/seed/qdZplh/561/3227,sc_01K834MGRVR9MHA96M401KZXZV,variant_01K98NYFMFSRZCDBAW3QHPTG0K
prod_01K98NYFG5QZFT3Y0RTMNNK94X,gloves-14,Gloves_14,published,https://picsum.photos/seed/qdZplh/561/3227,sc_01K834MGRVR9MHA96M401KZXZV,variant_01K98NYFMFQBT42TK2K0YRJAGE
prod_01K98NYFG5QZFT3Y0RTMNNK94X,gloves-14,Gloves_14,published,https://picsum.photos/seed/qdZplh/561/3227,sc_01K834MGRVR9MHA96M401KZXZV,variant_01K98NYFMF1WY0V6Z6KDGCN0G0
prod_01K98NYFG5R3W63SNPG8EJYR3E,sausages-12,Sausages_12,published,https://picsum.photos/seed/wHNSmf7/1722/37,sc_01K834MGRVR9MHA96M401KZXZV,variant_01K98NYFMEQPTEWNMKNJQXED44
prod_01K98NYFG5R3W63SNPG8EJYR3E,sausages-12,Sausages_12,published,https://picsum.photos/seed/wHNSmf7/1722/37,sc_01K834MGRVR9MHA96M401KZXZV,variant_01K98NYFMEYKWQ9WPW50353RS5
prod_01K98NYFG5R3W63SNPG8EJYR3E,sausages-12,Sausages_12,published,https://picsum.photos/seed/wHNSmf7/1722/37,sc_01K834MGRVR9MHA96M401KZXZV,variant_01K98NYFME0JSH6Z3VASM5T25Q
prod_01K98NYFG5R3W63SNPG8EJYR3E,sausages-12,Sausages_12,published,https://picsum.photos/seed/wHNSmf7/1722/37,sc_01K834MGRVR9MHA96M401KZXZV,variant_01K98NYFME16688HN6HSCKKMY3
prod_01K98NYFG5Y7ZNC3C2HR71JWAR,soap-10,Soap_10,published,https://picsum.photos/seed/4Rm3IcML/3817/3717,sc_01K834MGRVR9MHA96M401KZXZV,variant_01K98NYFMC575TDQ6JXS1NMRVE
prod_01K98NYFG5Y7ZNC3C2HR71JWAR,soap-10,Soap_10,published,https://picsum.photos/seed/4Rm3IcML/3817/3717,sc_01K834MGRVR9MHA96M401KZXZV,variant_01K98NYFMDDTW10MTZH69H6RWM
prod_01K98NYFG5Y7ZNC3C2HR71JWAR,soap-10,Soap_10,published,https://picsum.photos/seed/4Rm3IcML/3817/3717,sc_01K834MGRVR9MHA96M401KZXZV,variant_01K98NYFMDS004H93P7EFMVHSS
prod_01K98NYFG5Y7ZNC3C2HR71JWAR,soap-10,Soap_10,published,https://picsum.photos/seed/4Rm3IcML/3817/3717,sc_01K834MGRVR9MHA96M401KZXZV,variant_01K98NYFMDHCT33H4W9K90FYA0
prod_01K98P0NJA922T064GZWSJPD8Y,keyboard-15,Keyboard_15,published,https://picsum.photos/seed/byCtrT/2131/2208,sc_01K834MGRVR9MHA96M401KZXZV,variant_01K98P0NNGBVPGA8EPEP68XZNJ
prod_01K98P0NJA922T064GZWSJPD8Y,keyboard-15,Keyboard_15,published,https://picsum.photos/seed/byCtrT/2131/2208,sc_01K834MGRVR9MHA96M401KZXZV,variant_01K98P0NNGC0NZY7XFYQQY9TCF
prod_01K98P0NJA9NKQS380GJXAPJT5,gloves-16,Gloves_16,published,https://picsum.photos/seed/1w58Dzbd/1718/3435,sc_01K834MGRVR9MHA96M401KZXZV,variant_01K98P0NNHNTQ8SKZJSPARTDXG
prod_01K98P0NJA9NKQS380GJXAPJT5,gloves-16,Gloves_16,published,https://picsum.photos/seed/1w58Dzbd/1718/3435,sc_01K834MGRVR9MHA96M401KZXZV,variant_01K98P0NNH00KV86K7HR8XHYTG
prod_01K98P2VFW2B791XNSM4J6W13E,fish-17,Fish_17,published,https://picsum.photos/seed/BV3j2/1354/2176,sc_01K834MGRVR9MHA96M401KZXZV,variant_01K98P2VJT676HZR7NXJ6GMNTW
prod_01K98P2VFW2B791XNSM4J6W13E,fish-17,Fish_17,published,https://picsum.photos/seed/BV3j2/1354/2176,sc_01K834MGRVR9MHA96M401KZXZV,variant_01K98P2VJVFJ8MXBBFC8P137EC
prod_01K98P2VFW2B791XNSM4J6W13E,fish-17,Fish_17,published,https://picsum.photos/seed/BV3j2/1354/2176,sc_01K834MGRVR9MHA96M401KZXZV,variant_01K98P2VJVGS58XM043HQM9MFZ
prod_01K98P804XB23B1WBN9ZE7G7GF,computer-18,Computer_18,published,https://picsum.photos/seed/7abVRb/3790/2467,sc_01K834MGRVR9MHA96M401KZXZV,variant_01K98P80825QVD26CFNA5GBGW4
prod_01K98P804XB23B1WBN9ZE7G7GF,computer-18,Computer_18,published,https://picsum.photos/seed/7abVRb/3790/2467,sc_01K834MGRVR9MHA96M401KZXZV,variant_01K98P8082XX6VXQG9WAYEC0QX
prod_01K98P804XB23B1WBN9ZE7G7GF,computer-18,Computer_18,published,https://picsum.photos/seed/7abVRb/3790/2467,sc_01K834MGRVR9MHA96M401KZXZV,variant_01K98P8082JD3GCCABGEZKJX5A
prod_01K98PTFW2CG7CWDWNNGPFD29D,pizza-20,Pizza_20,published,https://picsum.photos/seed/2u4JYS4gNZ/3797/1743,sc_01K834MGRVR9MHA96M401KZXZV,variant_01K98PTFZEBXJHG6MN7760W83M
prod_01K98PTFW2CG7CWDWNNGPFD29D,pizza-20,Pizza_20,published,https://picsum.photos/seed/2u4JYS4gNZ/3797/1743,sc_01K834MGRVR9MHA96M401KZXZV,variant_01K98PTFZE0VGXGD14BPVZQNJ1
prod_01K98PTFW2ES5FD8YQN37BJM1C,pizza-19,Pizza_19,published,https://picsum.photos/seed/xjkrmRbv/3423/222,sc_01K834MGRVR9MHA96M401KZXZV,variant_01K98PTFZDMY259CCNKH3MAH25
prod_01K98PTFW2ES5FD8YQN37BJM1C,pizza-19,Pizza_19,published,https://picsum.photos/seed/xjkrmRbv/3423/222,sc_01K834MGRVR9MHA96M401KZXZV,variant_01K98PTFZDXRMETCYSK19YDDKC
prod_01K98Q1XET1CFE135ZKVD51Y89,chair-21,Chair_21,published,https://picsum.photos/seed/KqGYOekx/3751/2987,sc_01K834MGRVR9MHA96M401KZXZV,variant_01K98Q1XHP63ED5H5VYJGHFCM7
prod_01K98Q1XET1CFE135ZKVD51Y89,chair-21,Chair_21,published,https://picsum.photos/seed/KqGYOekx/3751/2987,sc_01K834MGRVR9MHA96M401KZXZV,variant_01K98Q1XHPRMQS2MGE4996WW4T
prod_01K98Q1XET2QQ93ENA3T5M9KE8,hat-22,Hat_22,published,https://picsum.photos/seed/5AZky/1388/604,sc_01K834MGRVR9MHA96M401KZXZV,variant_01K98Q1XHQ7MFDK2VG6ETVRQM1
prod_01K98Q1XET2QQ93ENA3T5M9KE8,hat-22,Hat_22,published,https://picsum.photos/seed/5AZky/1388/604,sc_01K834MGRVR9MHA96M401KZXZV,variant_01K98Q1XHQAHR6A1DM94XJNN39
prod_01K98Q52GHDNSVT96TKPZSJX96,pizza-24,Pizza_24,published,https://picsum.photos/seed/Q6s3cYA/2809/3522,sc_01K834MGRVR9MHA96M401KZXZV,variant_01K98Q52K4MNB59HEJ0M2PME5A
prod_01K98Q52GHDNSVT96TKPZSJX96,pizza-24,Pizza_24,published,https://picsum.photos/seed/Q6s3cYA/2809/3522,sc_01K834MGRVR9MHA96M401KZXZV,variant_01K98Q52K5Q3QS46AS8CNBH4Z1
prod_01K98Q52GHQ92SYE8KBF8YXTT2,pants-23,Pants_23,published,https://picsum.photos/seed/F9ag1W4/1270/570,sc_01K834MGRVR9MHA96M401KZXZV,variant_01K98Q52K4D1ZBTFA33GC7CSAB
prod_01K98Q52GHQ92SYE8KBF8YXTT2,pants-23,Pants_23,published,https://picsum.photos/seed/F9ag1W4/1270/570,sc_01K834MGRVR9MHA96M401KZXZV,variant_01K98Q52K4X7NN52E2TH495FMH
prod_01K98Q6SQF3NW8ND839KR6ZVYR,shirt-25,Shirt_25,published,https://picsum.photos/seed/YVyfJVCMB/1280/3377,sc_01K834MGRVR9MHA96M401KZXZV,variant_01K98Q6STT2ERHHC93CGT50F4P
prod_01K98Q6SQF3NW8ND839KR6ZVYR,shirt-25,Shirt_25,published,https://picsum.photos/seed/YVyfJVCMB/1280/3377,sc_01K834MGRVR9MHA96M401KZXZV,variant_01K98Q6STVFT0PGXSTN7YE8NT8
prod_01K98Q6SQF53QRMQKYZJXCS27R,fish-26,Fish_26,published,https://picsum.photos/seed/4dXV1bcWc/163/3592,sc_01K834MGRVR9MHA96M401KZXZV,variant_01K98Q6STV5DXQPACFNC4K2R3D
prod_01K98Q6SQF53QRMQKYZJXCS27R,fish-26,Fish_26,published,https://picsum.photos/seed/4dXV1bcWc/163/3592,sc_01K834MGRVR9MHA96M401KZXZV,variant_01K98Q6STVVFWK78KC2AM12713
prod_01K98QC3BM0MF3EAHJSH4CQW34,hat-29,Hat_29,published,https://picsum.photos/seed/W4wbEgb/1522/802,sc_01K834MGRVR9MHA96M401KZXZV,variant_01K98QC3F4XWXF55NSBWHFTQGP
prod_01K98QC3BM0MF3EAHJSH4CQW34,hat-29,Hat_29,published,https://picsum.photos/seed/W4wbEgb/1522/802,sc_01K834MGRVR9MHA96M401KZXZV,variant_01K98QC3F45WH5MYKSBNJ2QR67
prod_01K98QC3BMSGFZ8YRN4KCJJEDP,chips-28,Chips_28,published,https://picsum.photos/seed/73nFJvboeT/3411/2096,sc_01K834MGRVR9MHA96M401KZXZV,variant_01K98QC3F4NQ0VTP7W79F013X2
prod_01K98QC3BMSGFZ8YRN4KCJJEDP,chips-28,Chips_28,published,https://picsum.photos/seed/73nFJvboeT/3411/2096,sc_01K834MGRVR9MHA96M401KZXZV,variant_01K98QC3F4GSG6593EVT8W1YYV
prod_01K98QC3BMT93KN5N1P74CG81K,keyboard-27,Keyboard_27,published,https://picsum.photos/seed/eUjTcna/2447/958,sc_01K834MGRVR9MHA96M401KZXZV,variant_01K98QC3F4YSJG71NYW10MHYQ6
prod_01K98QC3BMT93KN5N1P74CG81K,keyboard-27,Keyboard_27,published,https://picsum.photos/seed/eUjTcna/2447/958,sc_01K834MGRVR9MHA96M401KZXZV,variant_01K98QC3F4WSPJX1H71ZETF0XT
prod_01K98QC3BNC2RGH89E6VMVXCG5,chicken-31,Chicken_31,published,https://picsum.photos/seed/vHjwS0Z/3091/2069,sc_01K834MGRVR9MHA96M401KZXZV,variant_01K98QC3F5C585FX34NTZSKMKH
prod_01K98QC3BNC2RGH89E6VMVXCG5,chicken-31,Chicken_31,published,https://picsum.photos/seed/vHjwS0Z/3091/2069,sc_01K834MGRVR9MHA96M401KZXZV,variant_01K98QC3F5GK70WDRC00F5PRT9
prod_01K98QC3BNSW68TCA3MVXCYBK5,bacon-30,Bacon_30,published,https://picsum.photos/seed/VTQdMp/709/3745,sc_01K834MGRVR9MHA96M401KZXZV,variant_01K98QC3F5WVZKERX66QM2665K
prod_01K98QC3BNSW68TCA3MVXCYBK5,bacon-30,Bacon_30,published,https://picsum.photos/seed/VTQdMp/709/3745,sc_01K834MGRVR9MHA96M401KZXZV,variant_01K98QC3F5VQV0B0S4HYEGGSSQ
prod_01K98QJFBV8TG4MTXHMEW33XP2,keyboard-32,Keyboard_32,published,https://picsum.photos/seed/fQBVRul/1358/2893,sc_01K834MGRVR9MHA96M401KZXZV,variant_01K98QJFECM16FW9BCRXSTCZA6
prod_01K98QJFBV8TG4MTXHMEW33XP2,keyboard-32,Keyboard_32,published,https://picsum.photos/seed/fQBVRul/1358/2893,sc_01K834MGRVR9MHA96M401KZXZV,variant_01K98QJFECC8QVPHDQGAXPG0DW
prod_01K98QJFBVZ6AVK8GC2NSY701B,shoes-33,Shoes_33,published,https://picsum.photos/seed/GA4BsUnE/2778/3647,sc_01K834MGRVR9MHA96M401KZXZV,variant_01K98QJFEDKQMBK95A1C9S5Y4D
prod_01K98QJFBVZ6AVK8GC2NSY701B,shoes-33,Shoes_33,published,https://picsum.photos/seed/GA4BsUnE/2778/3647,sc_01K834MGRVR9MHA96M401KZXZV,variant_01K98QJFEDBJCJP4T93390S3CK
prod_01K98QNAS9G5262SS0DFT2R572,cheese-34,Cheese_34,published,https://picsum.photos/seed/KCrblLz87/2607/3863,sc_01K834MGRVR9MHA96M401KZXZV,variant_01K98QNAVV2C7QM83AJET87Z1V
prod_01K98QNAS9G5262SS0DFT2R572,cheese-34,Cheese_34,published,https://picsum.photos/seed/KCrblLz87/2607/3863,sc_01K834MGRVR9MHA96M401KZXZV,variant_01K98QNAVWFN7HZ864JF6D3DSD
prod_01K98R3NT7FZER9BKT2PBK2WNB,chicken-36,Chicken_36,published,https://picsum.photos/seed/WTKOI9/19/1912,sc_01K834MGRVR9MHA96M401KZXZV,variant_01K98R3NX5D28YKJKHAZZDTJGE
prod_01K98R3NT7FZER9BKT2PBK2WNB,chicken-36,Chicken_36,published,https://picsum.photos/seed/WTKOI9/19/1912,sc_01K834MGRVR9MHA96M401KZXZV,variant_01K98R3NX5AN97KW10GBRZFZSS
prod_01K98R3NT7R922YBW96GSWFA18,bacon-35,Bacon_35,published,https://picsum.photos/seed/aTVmUQFa/319/2604,sc_01K834MGRVR9MHA96M401KZXZV,variant_01K98R3NX46HCTED35JTYGZARR
prod_01K98R3NT7R922YBW96GSWFA18,bacon-35,Bacon_35,published,https://picsum.photos/seed/aTVmUQFa/319/2604,sc_01K834MGRVR9MHA96M401KZXZV,variant_01K98R3NX4A2YC2XM21ECEZJHC
prod_01K99J9ECCYS6MS15T29AYQCDW,pants-37,Pants_37,published,https://picsum.photos/seed/8cQPvM2vR6/1116/2339,sc_01K834MGRVR9MHA96M401KZXZV,variant_01K99J9EEPA2CB4V74GGB8JKNE
prod_01K99J9ECCYS6MS15T29AYQCDW,pants-37,Pants_37,published,https://picsum.photos/seed/8cQPvM2vR6/1116/2339,sc_01K834MGRVR9MHA96M401KZXZV,variant_01K99J9EEQ8Q6PCN1S3GZF9BKX
prod_01K99JTRF2T9AXQ8EHBET1M6HT,chips-38,Chips_38,published,https://picsum.photos/seed/hMqv6BJ/2120/3057,sc_01K834MGRVR9MHA96M401KZXZV,variant_01K99JTRJ0HQK59NWJ6R1CXD4W
prod_01K99JTRF2T9AXQ8EHBET1M6HT,chips-38,Chips_38,published,https://picsum.photos/seed/hMqv6BJ/2120/3057,sc_01K834MGRVR9MHA96M401KZXZV,variant_01K99JTRJ0HF0BJHK0SWSC1W3K
prod_01K99JTRF2WYZGZXP40VAPG91S,keyboard-39,Keyboard_39,published,https://picsum.photos/seed/nqw7KfJYuR/3668/2278,sc_01K834MGRVR9MHA96M401KZXZV,variant_01K99JTRJ12PEQN77NERM6YJ67
prod_01K99JTRF2WYZGZXP40VAPG91S,keyboard-39,Keyboard_39,published,https://picsum.photos/seed/nqw7KfJYuR/3668/2278,sc_01K834MGRVR9MHA96M401KZXZV,variant_01K99JTRJ11SCJD0SJ1MMHCNCN
prod_01K99QCKJVBDSTMRD4TNNESSXJ,keyboard-41,Keyboard_41,published,https://picsum.photos/seed/hwjbC/2533/337,sc_01K834MGRVR9MHA96M401KZXZV,variant_01K99QCKP8TQJ2E90ZPP0GRERV
prod_01K99QCKJVBDSTMRD4TNNESSXJ,keyboard-41,Keyboard_41,published,https://picsum.photos/seed/hwjbC/2533/337,sc_01K834MGRVR9MHA96M401KZXZV,variant_01K99QCKP82V1TJXXBMV25H76F
prod_01K99QCKJVNRMBXF4RDWTDW2MA,towels-40,Towels_40,published,https://picsum.photos/seed/ndL9b5xxTY/3096/1749,sc_01K834MGRVR9MHA96M401KZXZV,variant_01K99QCKP7ME5CF4FHNRME1P71
prod_01K99QCKJVNRMBXF4RDWTDW2MA,towels-40,Towels_40,published,https://picsum.photos/seed/ndL9b5xxTY/3096/1749,sc_01K834MGRVR9MHA96M401KZXZV,variant_01K99QCKP7JW257QJDX9NSJQB8
prod_01K9A37JJNNB0PYV8CJT560XVE,chips-42,Chips_42,published,https://picsum.photos/seed/BY8zZre/2784/31,sc_01K834MGRVR9MHA96M401KZXZV,variant_01K9A37JPPX8TBCRKGMTZPK9Y0
prod_01K9A37JJNNB0PYV8CJT560XVE,chips-42,Chips_42,published,https://picsum.photos/seed/BY8zZre/2784/31,sc_01K834MGRVR9MHA96M401KZXZV,variant_01K9A37JPQ3HNTT8V2SWMX24GZ
prod_01K9A37JJNQ8MG7BEDZT0TVE28,bike-43,Bike_43,published,https://picsum.photos/seed/KouKPhw8/1812/342,sc_01K834MGRVR9MHA96M401KZXZV,variant_01K9A37JPQ9N764607HXS3B69F
prod_01K9A37JJNQ8MG7BEDZT0TVE28,bike-43,Bike_43,published,https://picsum.photos/seed/KouKPhw8/1812/342,sc_01K834MGRVR9MHA96M401KZXZV,variant_01K9A37JPR89YQCAHVDB3H9SPS
prod_01K9A39A4N5A5B7F143H1K7S0J,fish-45,Fish_45,published,https://picsum.photos/seed/Rv8RulD81/1757/3716,sc_01K834MGRVR9MHA96M401KZXZV,variant_01K9A39A7TTKNA7DXB62RTT04Q
prod_01K9A39A4N5A5B7F143H1K7S0J,fish-45,Fish_45,published,https://picsum.photos/seed/Rv8RulD81/1757/3716,sc_01K834MGRVR9MHA96M401KZXZV,variant_01K9A39A7T10QCVC5VZ07RKBFW
prod_01K9A39A4NDKE3MZKSC9X00Z41,ball-44,Ball_44,published,https://picsum.photos/seed/B6HAb/1477/1489,sc_01K834MGRVR9MHA96M401KZXZV,variant_01K9A39A7SCXTZ0Y5V4T693JBS
prod_01K9A39A4NDKE3MZKSC9X00Z41,ball-44,Ball_44,published,https://picsum.photos/seed/B6HAb/1477/1489,sc_01K834MGRVR9MHA96M401KZXZV,variant_01K9A39A7T5QZ317F7NF3ZPSFN
prod_01K9A3AJ0W4TNE49QCKPXHZ6RK,computer-46,Computer_46,published,https://picsum.photos/seed/4k1vcH/2892/954,sc_01K834MGRVR9MHA96M401KZXZV,variant_01K9A3AJ3MEVEGJQ28SXQR16T3
prod_01K9A3AJ0W4TNE49QCKPXHZ6RK,computer-46,Computer_46,published,https://picsum.photos/seed/4k1vcH/2892/954,sc_01K834MGRVR9MHA96M401KZXZV,variant_01K9A3AJ3MSA6970HGNZYQDJYW
prod_01K9A3GZ4J9HJ9EX9KP7V49HAB,cheese-47,Cheese_47,published,https://picsum.photos/seed/JuYAd/3864/228,sc_01K834MGRVR9MHA96M401KZXZV,variant_01K9A3GZ7PZAX2JZNRTKF3P5KK
prod_01K9A3GZ4J9HJ9EX9KP7V49HAB,cheese-47,Cheese_47,published,https://picsum.photos/seed/JuYAd/3864/228,sc_01K834MGRVR9MHA96M401KZXZV,variant_01K9A3GZ7QHR86AMXHG71JHERC
prod_01K9A3GZ4J9HJ9EX9KP7V49HAB,cheese-47,Cheese_47,published,https://picsum.photos/seed/JuYAd/3864/228,sc_01K834MGRVR9MHA96M401KZXZV,variant_01K9A3GZ7Q29GSE8VZ64P8JAHD
prod_01K9A3GZ4J9HJ9EX9KP7V49HAB,cheese-47,Cheese_47,published,https://picsum.photos/seed/JuYAd/3864/228,sc_01K834MGRVR9MHA96M401KZXZV,variant_01K9A3GZ7Q57WHN9VRVMJXNMFF
prod_01K9A3GZ4J9HJ9EX9KP7V49HAB,cheese-47,Cheese_47,published,https://picsum.photos/seed/JuYAd/3864/228,sc_01K834MGRVR9MHA96M401KZXZV,variant_01K9A3GZ7QYV0X6VMY610NAEPM
prod_01K9A3GZ4JJJR6GV18J9Y288H6,mouse-48,Mouse_48,published,https://picsum.photos/seed/f821UmuZNd/2528/738,sc_01K834MGRVR9MHA96M401KZXZV,variant_01K9A3GZ7QEBM8PCA9CNZJ6CZH
prod_01K9A3GZ4JJJR6GV18J9Y288H6,mouse-48,Mouse_48,published,https://picsum.photos/seed/f821UmuZNd/2528/738,sc_01K834MGRVR9MHA96M401KZXZV,variant_01K9A3GZ7R3KBR8Y4W7YHZG352
prod_01K9A3GZ4JJJR6GV18J9Y288H6,mouse-48,Mouse_48,published,https://picsum.photos/seed/f821UmuZNd/2528/738,sc_01K834MGRVR9MHA96M401KZXZV,variant_01K9A3GZ7RVBXF9H5K2HWJ2Q1Z
prod_01K9A3GZ4JJJR6GV18J9Y288H6,mouse-48,Mouse_48,published,https://picsum.photos/seed/f821UmuZNd/2528/738,sc_01K834MGRVR9MHA96M401KZXZV,variant_01K9A3GZ7R9BNV9ZREMDQNHS3D
prod_01K9A3GZ4JJJR6GV18J9Y288H6,mouse-48,Mouse_48,published,https://picsum.photos/seed/f821UmuZNd/2528/738,sc_01K834MGRVR9MHA96M401KZXZV,variant_01K9A3GZ7RRYY8ETBA02AS3D85
prod_01K9A3MY1KHG7032ZH343MQ5GF,towels-50,Towels_50,published,https://picsum.photos/seed/2CCCdJv6Aq/3209/2377,sc_01K834MGRVR9MHA96M401KZXZV,variant_01K9A3MY5B493WFKM3WVRNP2QJ
prod_01K9A3MY1KHG7032ZH343MQ5GF,towels-50,Towels_50,published,https://picsum.photos/seed/2CCCdJv6Aq/3209/2377,sc_01K834MGRVR9MHA96M401KZXZV,variant_01K9A3MY5BP2071P6AHZ3AXAJD
prod_01K9A3MY1KQ9ZS95BF2GSVADRN,pizza-49,Pizza_49,published,https://picsum.photos/seed/6fUaNA1iPm/3688/333,sc_01K834MGRVR9MHA96M401KZXZV,variant_01K9A3MY5AD22D6GFW3WFHJ3PH
prod_01K9A3MY1KQ9ZS95BF2GSVADRN,pizza-49,Pizza_49,published,https://picsum.photos/seed/6fUaNA1iPm/3688/333,sc_01K834MGRVR9MHA96M401KZXZV,variant_01K9A3MY5AV9T0AC5JPC7S0G5Y
prod_01K9A3Q8YBBHT9DBKERTA1K62C,car-52,Car_52,published,https://picsum.photos/seed/ceVd0Z/517/1856,sc_01K834MGRVR9MHA96M401KZXZV,variant_01K9A3Q912NDWKXWNJ044RTZSB
prod_01K9A3Q8YBBHT9DBKERTA1K62C,car-52,Car_52,published,https://picsum.photos/seed/ceVd0Z/517/1856,sc_01K834MGRVR9MHA96M401KZXZV,variant_01K9A3Q912SR5B5D8JDVNGH9XW
prod_01K9A3Q8YBN5002TY06M0FZYQH,hat-51,Hat_51,published,https://picsum.photos/seed/XSr8EaQ/1866/3085,sc_01K834MGRVR9MHA96M401KZXZV,variant_01K9A3Q912TVD0FV0FENYXT7SN
prod_01K9A3Q8YBN5002TY06M0FZYQH,hat-51,Hat_51,published,https://picsum.photos/seed/XSr8EaQ/1866/3085,sc_01K834MGRVR9MHA96M401KZXZV,variant_01K9A3Q912DPJBAQ4DMTWSRZHD